{"cameraMode":{"drawMode":0,"name":"Shaded","section":"Shading Mode"},"sceneLighting":true,"audioPlay":false,"sceneViewState":{"m_AlwaysRefresh":false,"showFog":true,"showSkybox":true,"showFlares":true,"showImageEffects":true,"showParticleSystems":true,"showVisualEffectGraphs":true,"m_FxEnabled":true},"in2DMode":false,"pivot":{"x":-33.73349380493164,"y":101.6203384399414,"z":-16.656219482421876},"rotation":{"x":0.013119092211127282,"y":0.15034900605678559,"z":0.0014470000751316548,"w":-0.9886677265167236},"size":1.2247449159622193,"orthographic":false}